fecha,Real,persistencia,media_movil_7d,regresion_lineal
2026-07-21,16.9,15.3,16.757,15.809
2026-07-22,16.3,16.9,16.7,16.665
2026-07-23,14.9,16.3,16.486,16.359
2026-07-24,15.4,14.9,16.029,15.499
2026-07-25,16.0,15.4,15.714,15.485
2026-07-26,15.0,16.0,15.657,15.637
2026-07-27,15.9,15.0,15.686,15.271
2026-07-28,16.5,15.9,15.771,15.864
2026-07-29,17.1,16.5,15.714,16.043
2026-07-30,17.2,17.1,15.829,16.299
2026-07-31,17.3,17.2,16.157,16.553
2026-08-01,17.6,17.3,16.429,16.636
2026-08-02,17.5,17.6,16.657,16.815
2026-08-03,16.9,17.5,17.014,16.926
2026-08-04,16.6,16.9,17.157,16.722
2026-08-05,14.5,16.6,17.171,16.604
2026-08-06,15.0,14.5,16.8,15.432
2026-08-07,16.6,15.0,16.486,15.589
2026-08-08,16.9,16.6,16.386,16.41
2026-08-09,16.4,16.9,16.286,16.524
2026-08-10,17.8,16.4,16.129,16.272
2026-08-11,18.1,17.8,16.257,16.88
2026-08-12,17.8,18.1,16.471,16.944
2026-08-13,18.0,17.8,16.943,17.021
2026-08-14,17.5,18.0,17.371,17.374
2026-08-15,17.3,17.5,17.5,17.099
2026-08-16,15.7,17.3,17.557,17.03
2026-08-17,14.5,15.7,17.457,16.3
2026-08-18,15.8,14.5,16.986,15.533
2026-08-19,16.9,15.8,16.657,16.091
2026-08-20,17.4,16.9,16.529,16.616
2026-08-21,17.3,17.4,16.443,16.881
2026-08-22,15.7,17.3,16.414,16.799
2026-08-23,16.1,15.7,16.186,15.726
2026-08-24,17.2,16.1,16.243,15.87
2026-08-25,17.0,17.2,16.629,16.645
2026-08-26,16.7,17.0,16.8,16.693
2026-08-27,17.5,16.7,16.771,16.624
2026-08-28,17.1,17.5,16.786,16.936
2026-08-29,16.2,17.1,16.757,16.614
2026-08-30,15.6,16.2,16.829,16.257
2026-08-31,15.9,15.6,16.757,15.993
2026-09-01,15.8,15.9,16.571,16.023
2026-09-02,15.8,15.8,16.4,15.96
2026-09-03,16.7,15.8,16.271,15.985
2026-09-04,16.2,16.7,16.157,16.368
2026-09-05,16.4,16.2,16.029,15.997
2026-09-06,16.1,16.4,16.057,16.083
2026-09-07,15.7,16.1,16.129,15.97
2026-09-08,17.3,15.7,16.1,15.712
2026-09-09,17.4,17.3,16.314,16.638
2026-09-10,17.1,17.4,16.543,16.794
2026-09-11,15.9,17.1,16.6,16.652
2026-09-12,17.1,15.9,16.557,16.051
2026-09-13,16.3,17.1,16.657,16.568
2026-09-14,17.1,16.3,16.686,16.232
2026-09-15,17.0,17.1,16.886,16.79
2026-09-16,16.4,17.0,16.843,16.783
2026-09-17,18.0,16.4,16.7,16.313
2026-09-18,17.5,18.0,16.829,17.171
